{"cameraMode":{"drawMode":0,"name":"Shaded","section":"Shading Mode"},"sceneLighting":true,"audioPlay":false,"sceneViewState":{"m_AlwaysRefresh":false,"showFog":true,"showSkybox":true,"showFlares":true,"showImageEffects":true,"showParticleSystems":true,"showVisualEffectGraphs":true,"m_FxEnabled":true},"in2DMode":false,"pivot":{"x":3.2079124450683595,"y":-11.034996032714844,"z":0.2654876708984375},"rotation":{"x":0.06254865974187851,"y":0.9073492884635925,"z":-0.3893129825592041,"w":0.14577573537826539},"size":26.1695499420166,"orthographic":false}