{"cameraMode":{"drawMode":0,"name":"Shaded","section":"Shading Mode"},"sceneLighting":true,"audioPlay":false,"sceneViewState":{"m_AlwaysRefresh":false,"showFog":true,"showSkybox":true,"showFlares":true,"showImageEffects":true,"showParticleSystems":true,"showVisualEffectGraphs":true,"m_FxEnabled":true},"in2DMode":false,"pivot":{"x":6.298327922821045,"y":2.0646982192993166,"z":-0.7279675006866455},"rotation":{"x":-0.020316923037171365,"y":0.9795587062835693,"z":-0.13335910439491273,"w":-0.14924810826778413},"size":2.5648117065429689,"orthographic":false}