{"cameraMode":{"drawMode":0,"name":"Shaded","section":"Shading Mode"},"sceneLighting":true,"audioPlay":false,"sceneViewState":{"m_AlwaysRefresh":false,"showFog":true,"showSkybox":true,"showFlares":true,"showImageEffects":true,"showParticleSystems":true,"showVisualEffectGraphs":true,"m_FxEnabled":true},"in2DMode":false,"pivot":{"x":5.530911445617676,"y":2.9130442142486574,"z":0.6029341816902161},"rotation":{"x":-0.10037955641746521,"y":0.8492079973220825,"z":-0.17462888360023499,"w":-0.48814257979393008},"size":1.0877776145935059,"orthographic":false}