{"cameraMode":{"drawMode":0,"name":"Shaded","section":"Shading Mode"},"sceneLighting":true,"audioPlay":false,"sceneViewState":{"m_AlwaysRefresh":false,"showFog":true,"showSkybox":true,"showFlares":true,"showImageEffects":true,"showParticleSystems":true,"showVisualEffectGraphs":true,"m_FxEnabled":true},"in2DMode":false,"pivot":{"x":5.338171482086182,"y":0.784773588180542,"z":-5.199959754943848},"rotation":{"x":-0.0073633878491818909,"y":0.9881178140640259,"z":-0.14510689675807954,"w":-0.05013938993215561},"size":4.0640153884887699,"orthographic":false}