{"cameraMode":{"drawMode":0,"name":"Shaded","section":"Shading Mode"},"sceneLighting":true,"audioPlay":false,"sceneViewState":{"m_AlwaysRefresh":false,"showFog":true,"showSkybox":true,"showFlares":true,"showImageEffects":true,"showParticleSystems":true,"showVisualEffectGraphs":true,"m_FxEnabled":true},"in2DMode":false,"pivot":{"x":-6.956576347351074,"y":7.808265686035156,"z":14.722163200378418},"rotation":{"x":0.003674672916531563,"y":-0.9876327514648438,"z":-0.023401089012622834,"w":-0.155037984251976},"size":14.853461265563965,"orthographic":false}